cm^2/s,ps,cm^2/s,ps
6.543240601526064e-06,44.46646244354409,4.418532353798302e-07,1.9556524520704175
