q**2,gamma_meV,gamma_meV_err
0.25,15.405364968824351,0.3724013261126813
0.48999999999999994,19.765227394534293,0.6481746455183873
0.81,18.210620395346147,0.7677531442329014
1.2100000000000002,30.80589908113839,1.6937665319767041
