q**2,gamma_meV,gamma_meV_err
0.25,10.71562355922541,0.2522328238563102
0.48999999999999994,15.583127613691664,0.3996377533425036
0.81,17.280872039704235,0.5402512803755746
1.2100000000000002,19.954080416749477,0.7976542882113854
