cm^2/s,ps,cm^2/s,ps
2.399621194332169e-05,26.092497495433793,2.8712376805706173e-06,1.350803704185158
