cm^2/s,ps,cm^2/s,ps
1.1537281168240415e-05,26.08248752868481,7.419700181044287e-07,1.229910585095441
