cm^2/s,ps,cm^2/s,ps
2.5524828230405796e-05,106.83160686980337,1.2561425596382232e-05,4.002824317959763
