cm^2/s,ps,cm^2/s,ps
2.5607668978510822e-05,106.82187992917302,1.2639078761637176e-05,4.001653740374535
