q**2,gamma_meV,gamma_meV_err
0.25,15.67559067546681,0.9569632385627542
0.48999999999999994,8.02715676478047,0.45641760468199094
0.81,6.800182932816906,0.39740098975516436
1.2100000000000002,3.774362201856392,0.2745056670073315
