cm^2/s,ps,cm^2/s,ps
6.5459198574883e-06,44.45527150702192,4.420955253503639e-07,1.9550945936029638
