q**2,gamma_meV,gamma_meV_err
0.25,30.782755295774496,2.9615245621365585
0.48999999999999994,32.97893563678407,3.9122766944613954
0.81,29.62661101365113,3.569995988197178
1.2100000000000002,27.508179965202643,3.8261518104638266
