cm^2/s,ps,cm^2/s,ps
4004.02861456856,21.745820990132945,inf,inf
