cm^2/s,ps,cm^2/s,ps
88.7789710613546,112.74201124212779,184333413.66543767,5.853397370872833
