q**2,gamma_meV,gamma_meV_err
0.25,6.4618718840011375,0.17358330434311559
0.48999999999999994,8.381100426906052,0.2072339993360073
0.81,10.00385719104651,0.260269554426586
1.2100000000000002,12.52770791669926,0.38713017465970956
