cm^2/s,ps,cm^2/s,ps
64.60646482959139,112.7907806204695,140528776.93044233,7.539451868671482
