q**2,gamma_meV,gamma_meV_err
0.25,5.6203234662720485,0.22276140498042027
0.48999999999999994,5.59093406862341,0.1835496892792115
0.81,5.306386939693012,0.17011365383452018
1.2100000000000002,7.170568178250306,0.24677556422684602
