cm^2/s,ps,cm^2/s,ps
1.1535141597710022e-05,26.096352970149052,7.4190667101695e-07,1.230245152835131
