cm^2/s,ps,cm^2/s,ps
2.3989402852587864e-05,26.101981364678778,2.8703898885060986e-06,1.3510796349896086
