cm^2/s,ps,cm^2/s,ps
312.7618322777937,24.531858159127193,827656160.3070977,2.689019829700367
