Slope,Intercept,Elastic Amplitude,Quasielastic Amplitude,Gamma (HWHM)
4.556782567457939e-07,0.0008951512187238109,3.6326675160216437,0.46834624906231864,10.71562355922541
