Slope,Intercept,Elastic Amplitude,Quasielastic Amplitude,Gamma (HWHM)
7.500190352855047e-07,0.0011868660717530288,2.4410625243484048,0.2899663341674996,19.954080416749477
