Slope,Intercept,Elastic Amplitude,Quasielastic Amplitude,Gamma (HWHM)
7.826726650830599e-07,0.0011818044608511266,2.4737272325798365,0.27043351662086473,30.80589908113839
