Slope,Intercept,Elastic Amplitude,Quasielastic Amplitude,Gamma (HWHM)
8.813673847102859e-07,0.0009370893328207081,2.5924078475558727,0.3469614051904326,12.52770791669926
