Slope,Intercept,Elastic Amplitude,Quasielastic Amplitude,Gamma (HWHM)
-1.6144113225065143e-08,0.0005219942192735422,2.980459515091226,0.15262415045987707,8.02715676478047
