Slope,Intercept,Elastic Amplitude,Quasielastic Amplitude,Gamma (HWHM)
1.380306915019703e-06,0.0016061544839714647,2.1468970847210382,0.2722221401132537,18.210620395346147
