Slope,Intercept,Elastic Amplitude,Quasielastic Amplitude,Gamma (HWHM)
4.7635278666144845e-08,0.0006601228412346906,2.6770113242835425,0.32470574511118844,5.59093406862341
