Slope,Intercept,Elastic Amplitude,Quasielastic Amplitude,Gamma (HWHM)
6.911294630300027e-07,0.000804945397380937,2.395159344998518,0.3408903385090363,5.306386939693012
