Slope,Intercept,Elastic Amplitude,Quasielastic Amplitude,Gamma (HWHM)
-5.0434141246440784e-08,0.0003132531962498316,4.354763638806899,0.14547934457920164,15.67559067546681
