Slope,Intercept,Elastic Amplitude,Quasielastic Amplitude,Gamma (HWHM)
6.078374895861805e-07,0.000618615152032548,2.6994550731218303,0.1542694392342302,6.800182932816906
