Slope,Intercept,Elastic Amplitude,Quasielastic Amplitude,Gamma (HWHM)
1.117624678285019e-06,0.0009926236592543288,2.3128733139295043,0.409696597414631,10.00385719104651
