Slope,Intercept,Elastic Amplitude,Quasielastic Amplitude,Gamma (HWHM)
-5.85281836754467e-08,6.0968323723523e-05,4.254761336608266,0.14491136767632898,30.782755295774496
