Slope,Intercept,Elastic Amplitude,Quasielastic Amplitude,Gamma (HWHM)
1.090612730251362e-06,0.0006934401555889985,2.6631082282077503,0.30019150610284046,7.170568178250306
