Slope,Intercept,Elastic Amplitude,Quasielastic Amplitude,Gamma (HWHM)
4.5091051830258773e-07,0.0013564966762030723,2.36210866279531,0.3879231698621885,19.765227394534293
