Slope,Intercept,Elastic Amplitude,Quasielastic Amplitude,Gamma (HWHM)
5.06747246019303e-07,0.0009534076164601069,3.5964293930285787,0.4957952482279307,15.405364968824351
