Slope,Intercept,Elastic Amplitude,Quasielastic Amplitude,Gamma (HWHM)
5.838610339168554e-07,0.0007005242378312658,3.9052515678203856,0.42135183170477625,6.4618718840011375
