Slope,Intercept,Elastic Amplitude,Quasielastic Amplitude,Gamma (HWHM)
1.1697814438750953e-06,0.001307950704711027,2.1371668345113277,0.3673109006971231,17.280872039704235
