Slope,Intercept,Elastic Amplitude,Quasielastic Amplitude,Gamma (HWHM)
4.3361044721892007e-07,0.0010653921959282561,2.350395519301782,0.4551606763600634,15.583127613691664
