Slope,Intercept,Elastic Amplitude,Quasielastic Amplitude,Gamma (HWHM)
3.8966869007023516e-07,0.0002986111186461141,2.7111873589316366,0.10321150471958554,29.62661101365113
