Slope,Intercept,Elastic Amplitude,Quasielastic Amplitude,Gamma (HWHM)
4.764639223458958e-07,0.0005209687042026787,4.080364639777441,0.2536365738453136,5.6203234662720485
