Slope,Intercept,Elastic Amplitude,Quasielastic Amplitude,Gamma (HWHM)
4.7195150601205664e-08,0.0008809434593450856,2.556861458892177,0.4464882986338881,8.381100426906052
