Slope,Intercept,Elastic Amplitude,Quasielastic Amplitude,Gamma (HWHM)
2.9519838249193223e-07,0.0002984964787296923,2.947434108832803,0.08472825537518999,27.508179965202643
