Slope,Intercept,Elastic Amplitude,Quasielastic Amplitude,Gamma (HWHM)
7.032284062645305e-07,0.0006216250516292682,2.8999693072526798,0.1818818849422563,3.774362201856392
