Slope,Intercept,Elastic Amplitude,Quasielastic Amplitude,Gamma (HWHM)
-2.907601170059952e-07,0.00023698252686098702,2.9407576599735337,0.12019263101844498,32.97893563678407
