cm^2/s,ps,cm^2/s,ps
31.809272094683596,245.96970683747296,263929920.90933716,85.78468727960752
