cm^2/s,ps,cm^2/s,ps
1.8546971787988355e-05,26.883896847863628,1.5530529756582257e-06,1.2019931553903493
