q**2,gamma_meV,gamma_meV_err
0.25,3.3030710773484104,0.17235601653984553
0.48999999999999994,4.069523371771168,0.16439837466191207
0.81,4.017505603219153,0.15144465253064973
1.2100000000000002,4.131406525406656,0.16369442140616
