cm^2/s,ps,cm^2/s,ps
8.390177874348105e-06,28.28809028971451,3.9747042095275125e-07,1.2022331765337937
