cm^2/s,ps,cm^2/s,ps
8.765098101466849e-06,147.5712189393282,2.6590423935612976e-06,6.6262050257714495
