q**2,gamma_meV,gamma_meV_err
0.25,13.293945490599976,0.2758467553473254
0.48999999999999994,19.119784956387175,0.5322678174666012
0.81,19.567643440261854,0.7083892117450603
1.2100000000000002,18.774207704211456,0.9426290957301852
