cm^2/s,ps,cm^2/s,ps
6.208787501340295e-06,87.94248730681315,5.762288768416344e-07,2.9349405534309345
