q**2,gamma_meV,gamma_meV_err
0.25,4.365372033170776,0.11794351069464443
0.48999999999999994,5.345261246070672,0.12968041417942355
0.81,6.144354473926341,0.14855090441789734
1.2100000000000002,6.5412432068913136,0.18059969913130897
