cm^2/s,ps,cm^2/s,ps
45.36744956537725,246.07636120826862,273003961.62860096,33.07154943779419
