q**2,gamma_meV,gamma_meV_err
0.25,8.548027004081833,0.17021792338861264
0.48999999999999994,12.5550571075609,0.28372906765962724
0.81,17.012575100382662,0.43641273107948436
1.2100000000000002,15.535349798602141,0.5226664703626444
