cm^2/s,ps,cm^2/s,ps
8.775848730034536e-06,147.54970247947134,2.6646795914597134e-06,6.624144715806134
