cm^2/s,ps,cm^2/s,ps
1.85461549232611e-05,26.868145514048134,1.5524632999752927e-06,1.201610786875816
