cm^2/s,ps,cm^2/s,ps
8.39184974047085e-06,28.27437060676773,3.97511395882058e-07,1.2018597246340854
