q**2,gamma_meV,gamma_meV_err
0.25,0.029,inf
0.48999999999999994,0.029,inf
0.81,0.029,inf
1.2100000000000002,0.029,inf
