cm^2/s,ps,cm^2/s,ps
6.212068344152907e-06,87.92173063628657,5.766045750808817e-07,2.9338209042090932
