Slope,Intercept,Elastic Amplitude,Quasielastic Amplitude,Gamma (HWHM)
6.478773883749055e-07,0.0005204882992823288,1.954626019741268,0.37097613428852005,4.017505603219153
