Slope,Intercept,Elastic Amplitude,Quasielastic Amplitude,Gamma (HWHM)
3.00123158772629e-07,0.0010486463766237965,1.8323598065401838,0.6225704598754386,12.5550571075609
