Slope,Intercept,Elastic Amplitude,Quasielastic Amplitude,Gamma (HWHM)
2.4649211820216548e-08,0.0003917252437052253,2.339484489990713,0.3326180614778751,4.069523371771168
