Slope,Intercept,Elastic Amplitude,Quasielastic Amplitude,Gamma (HWHM)
3.283296000022813e-07,0.0009350991357968628,2.432735709925403,0.6820539091304321,13.293945490599976
