Slope,Intercept,Elastic Amplitude,Quasielastic Amplitude,Gamma (HWHM)
3.782449862806025e-07,0.0003117465583561826,3.1164267026116277,0.2686143490376146,3.3030710773484104
