Slope,Intercept,Elastic Amplitude,Quasielastic Amplitude,Gamma (HWHM)
6.323434665079533e-07,0.0011514357703135776,1.4996599698709,0.5590175774703993,17.012575100382662
