Slope,Intercept,Elastic Amplitude,Quasielastic Amplitude,Gamma (HWHM)
3.241746510366964e-07,0.0007235835390809892,2.5289689467397327,0.6852681140163411,8.548027004081833
