Slope,Intercept,Elastic Amplitude,Quasielastic Amplitude,Gamma (HWHM)
9.738683399432317e-07,0.0011356088640308822,1.3422394007932363,0.37960984039327966,15.535349798602141
