Slope,Intercept,Elastic Amplitude,Quasielastic Amplitude,Gamma (HWHM)
6.543518988217085e-07,0.001270132537505262,1.774840370253349,0.5491054206150416,19.119784956387175
