Slope,Intercept,Elastic Amplitude,Quasielastic Amplitude,Gamma (HWHM)
4.938779703649077e-07,0.00019198324640350573,3.3562971399484574,0.07350113217388447,7.9713931948200285
