Slope,Intercept,Elastic Amplitude,Quasielastic Amplitude,Gamma (HWHM)
1.5962056308767797e-07,0.0003292330524432012,2.2808700441928007,0.12631560821455548,3.8251034978785095
