Slope,Intercept,Elastic Amplitude,Quasielastic Amplitude,Gamma (HWHM)
7.520640607343687e-07,0.0008389987609022457,1.6422510743965644,0.5667038449992218,6.144354473926341
