Slope,Intercept,Elastic Amplitude,Quasielastic Amplitude,Gamma (HWHM)
6.068179308322564e-07,0.001324641954048866,1.3397000562493087,0.2512222732235232,18.774207704211456
