Slope,Intercept,Elastic Amplitude,Quasielastic Amplitude,Gamma (HWHM)
6.436963065418477e-07,0.00031177979901878824,1.9338271957109099,0.19614435670422817,1.8982868504760064
