Slope,Intercept,Elastic Amplitude,Quasielastic Amplitude,Gamma (HWHM)
-1.4050447749885223e-07,0.000655105374658696,1.9960328643890142,0.5935800065887864,5.345261246070672
