Slope,Intercept,Elastic Amplitude,Quasielastic Amplitude,Gamma (HWHM)
5.202646657842184e-07,0.0004896594124494875,1.6967783437397996,0.3622773412823386,4.131406525406656
