Slope,Intercept,Elastic Amplitude,Quasielastic Amplitude,Gamma (HWHM)
9.38456018163705e-07,0.0015355561454491338,1.4532008051309784,0.3942746950994824,19.567643440261854
