Slope,Intercept,Elastic Amplitude,Quasielastic Amplitude,Gamma (HWHM)
1.398328525931991e-06,0.0008378804345694582,1.4514845142251436,0.48489242451637127,6.5412432068913136
